author	comment	vote	情感评分
Rui	《我和我的祖国》票房不可能超过《攀登者》，最主要的要从电影结构的方面分析，一个片子，七个剧情，并且各个剧情之间没有关联，那你是要选择线性叙事还是交叉叙事，如果是线性叙事，那很大程度上会让观众有疲劳感、主次难以分明，如果是交叉叙事，容易让观众在快速的空间转换中逻辑混乱，容易跟不上导演的节奏，毕竟七个剧情七个故事，信息量实在是太大了。		0.9999999999857518
郫县豆瓣	想看。但是没怎么搞懂，很多现代军事题材的剧不能用原型本名，怎么这部反映体育精神，想让更多人记住北坡首登珠峰英雄名字的片子，还是要用化名呢，用英雄们的本名不是更有代入感，更体现了让人们记者这些曾经默默无闻的英雄嘛。	5.0	0.99999999994218
幻天空蓝	集合了近三年票房得主冠军的阵容，井柏然的《捉妖记》是2015年票房冠军，吴京的《战狼2》是2017年票房冠军，张译的《红海行动》是2018年票房冠军	41.0	0.999999999168911
麦克斯之眼	作为国庆档主打，同时也是一部优秀的记录型电影，也是反映那年代人优秀品质的电影，也是一众实力派演员的表演，这个阵容让我没理由的支持。同时也希望有越来越多这种反映中国精神的电影出现在大银幕，中国梦加油！	0.0	0.9999999989670147
梅婆小公举	一个前人从未涉及的领域，吴京挑剧本的眼光值得信赖，还有诸多实力演员加盟，超期待	5.0	0.9999999949465166
叶倪杉～	自从看了《战狼2》，《流浪地球》，我对只要是吴京的电影都想去支持一下，听说吴京有部新电影《一百零八》，看了下梗概，吴京真会选！	1.0	0.9999999853813231
身为一个JM	《战狼二》对吴京真没啥过多好感，路人顶多，但是《流浪地球》让我对吴京路转粉，吴京真的很棒，是一个好演员，这次的《攀登者》一定会支持，因为里面也有胡歌，希望吴京继续加油，我们相信你，多拍些关于中国强大的电影。	2.0	0.9999999753308203
身为一个JM	《战狼二》对吴京真没啥过多好感，路人顶多，但是《流浪地球》让我对吴京路转粉，吴京真的很棒，是一个好演员，这次的《攀登者》一定会支持，因为里面也有胡歌，希望吴京继续加油，我们相信你，多拍些关于中国强大的电影。	2.0	0.9999999753308203
Steve Jobs	期待两条爱情线能够给我们革命爱情的感觉，也期待国内能拍出勇登珠峰的刺激感。永远支持吴京大哥和章子怡姐姐	0.0	0.9999999616543617
魔物猎人kana酱	当刘培强中校历尽千辛万苦，要在顶峰留下中国????人的第一个脚印时，却发现王石王总穿着登山装，已经等他很久了——“在顶峰之上，还有更广阔的世界！人类啊！跟我来！”	7.0	0.9999999438880036
橡树籽重生	这个导演最近几年拍的片子评分都不是很高，最高的追溯到九几年了。跟他合作的演员大牌也不少，成龙什么的。最近最差的是那个盗墓笔记。这次大牌明星也不少，想把片子拍好，国庆档播放，只能是要有个扎实的剧本了！如果剧本过关，没有硬伤，七十分保底应该没问题！	19.0	0.9999999373826217
城北徐公	前没有《战狼》爱国口碑营销，后没有《流浪地球》的硬核科幻实力，很可能达不到观众预期，高开低走，期望越高，失望越大。希望这是吴京又一力作，别扑gai。	1.0	0.999999835129257
Pigleaf	70周年献礼电影有点多啊……《决胜时刻》《我和我的祖国》《中国机长》《攀登者》，阵容都是空前强大，前几天看了《我和我的祖国》预告片，希望正片能像预告一样让人泪目	0.0	0.9999998120364659
放逐江湖	“为国登顶，寸土不让！”我希望每个人都去了解一下这部电影背后的故事，作为中国人，我会怀着骄傲敬畏之心去观看，这是一部电影，这也不只是一部电影。	0.0	0.9999997887608725
放逐江湖	“为国登顶，寸土不让！”我希望每个人都去了解一下这部电影背后的故事，作为中国人，我会怀着骄傲敬畏之心去观看，这是一部电影，这也不只是一部电影。	0.0	0.9999997887608725
罗里吧嗦	期待吴京新电影，期待每位演员的精彩奉献。为中国电影喝彩，让中国信念飘扬在珠峰之巅~	0.0	0.9999995354990222
Sunny	怎么说呢，其实按照登山历史来讲，贡嘎山和冈仁波齐，在中国登山史上有着很浓厚的色彩，因为这两座山难度远大于珠峰，一座死亡率奇高，一座因为山形太过立体，难以攀登，尤其是贡嘎山 57年中华全国总工会登山队在登顶后，下山途中不幸4人遇难，连岛国日本人在经历三次，付出多少生命，才成功登顶，所以，题材遍地都是，就看怎么拍，要么骂死，要么神作	106.0	0.9999990774146771
ellen	奇怪的人员组合，演员配置里面，喜欢的演员只有吴京、苗苗，其余的都不怎么喜欢，演员名气大不一定是好事啊，对应负面也多，还不如选有演技的新人呢。冷门的内容貌似不太吸引人，这片子票房得看口碑了。	4.0	0.9999981812149421
马达君	看了预告真的是一言难尽，不由得想到刘慈欣的“山在那，总会有人去登的”，全人类（全宇宙？）的探索精神碰上京式定位宣传......不可说不可说....	4.0	0.9999981126760529
一叶之秋	有人说你不适合大荧幕说你能有两部高分视剧就算撞了大运了，可这么多年的喜欢让我相信你是可以的，跟着攀登者去攀登人心成见这座大山吧	12.0	0.9999974806464329
iCer	历史背景本身几乎是一段传奇,看导演和演员们如何演绎吧	16.0	0.9999951029016947
言落	看到吴京的电影那必须5星支持一下，要说那个明星最爱国只有吴京电影里，为了支持爱国电影，为了支持中国第一部攀登电影，必须好评	2.0	0.9999945033124479
風吹褲衩屁屁涼	看到这阵容，吴京，胡歌，井柏然，张译还有王景春，都很不错不错，额⊙?⊙！章子怡是个＊＊＊？	4.0	0.9999933873530217
轻舞	看过预告和幕后花絮，拍摄环境太艰苦了，演员不容易。预告血崩那块非常的抓人眼球！演员基本都是喜欢的演员，非常的期待了！就等十一上映！	3.0	0.9999919627226976
Aether	值得铭记的历史，也是一段登山人的爱国奋斗史。让一再说着“你们中国人说珠穆朗玛是你们的，可是你们都没有登顶过”的人，永远闭上了臭嘴	1.0	0.9999885875857129
闻人异	我能想到的对艺术最大的尊重，就是忘记我是一个中国人的意识形态，而只是思考这部电影究竟如何。	7.0	0.9999685213568746
风过云不回	作为一部登山冒险题材的大片，视听体验必须相当震撼，令人有身临其境之感，而《攀登者》是由华语影坛的技术先锋徐克监制动作设计与视效，必须期待。		0.9999553383288442
霱汌	不知道是不是年纪大了 泪点特别低 中华民族是一个苦难深重的民族 但是我们从来没有放弃站起来 跑起来 强起来	3.0	0.9999211185023597
星空	非常喜欢的真人故事哦，攀登者勇往直前，克服困难，太值得钦佩哦！重点是还有最喜欢胡歌哦！	3.0	0.999908212459711
卖女孩的老蘑菇	预告愣是给我看出了一种流浪地球的感觉哈哈哈 章子怡这个镜头，不行。	2.0	0.9999080883309217
糯米叶	看了一下那个导演历年作品我好慌啊出了名的喜欢胡编历史，希望他能老老实实还原小学语文课本里那篇课文的全部内容??	279.0	0.999901255191498
鸟飞	光看演员阵容还行，都是会挑片子的演员	3.0	0.9998953549618234
西门雪	攀登珠峰北坡，多么艰难的举动啊！看似不可能完成的任务，硬是给中国登山队给完成了。其中的凶险，想着都怕，能够在大荧幕前看到如此壮举，实属难得！相当期盼！	0.0	0.9998912384875861
青梅醅雪	期待。上一次让人感觉蛮爽的李仁港电影是2011年的鸿门宴传奇，希望李导这次手握钦点演员阵容的片子能找回他二十年前的水平吧	3.0	0.9998248738696908
VeryBerry	求求你们，一定一定一定要拍好，要拍成《战狼3》、《流浪地球2》，要比它们还好。这一次，东风一定要压倒西风	10.0	0.9998020253438815
王青山	李仁港？一个根本没在那个年代呆过的香港导演能拍好吗？哪位大领导定的导演？监制还是徐克，我的天，个人英雄主义和集体英雄主义他分的清吗？还有就是，西藏平叛还拍不拍，半身像还拿不拿？不看好。	6.0	0.9997515132699392
旻子纪	期待着这部电影 期待着每一次电影院见的机会 一定很有力量 我很期待	2.0	0.9997326668970866
Mr.Time	就这个阵容，30亿票房保底。预告片剪得很好，要是导演编剧故事讲得好，40亿票房没问题	1.0	0.9997138429351637
idouban	李大导演，求你好好照着历史来拍就ok了，别瞎改编瞎煽情，加一堆动作戏。看着预告片里有一幕，有个登山队员在雪山上飞身一跃，就觉得这片够科幻的了。齐膝深的雪里，动作幅度该都很小吧，还能跳这么高，这么远？！	0.0	0.9996677729000074
朱诺	只看文字就热泪盈眶了！但愿电影更好看！我会推荐给学生，我会带全家人去看！	4.0	0.9996662593550383
悟空溜溜	李仁港的处女作《独臂刀之情》非常惊艳，小时候在央6看了，记忆深刻。后来的《阿虎》也不错。北上之后，水准滑坡，不知道能否迎来翻身仗。	0.0	0.9996651356483299
逆江、雨	励志！信念！朴实是一部好电影的开始！	0.0	0.9996053962186819
蓝鹰之舞	看过垂直极限和珠峰清道夫，家姐和姐夫也都是业余登山运动员，每次他们出门我的邮箱都会收到一封意外保险，不理解不支持他们的行动，但是心底始终默默为他们祝福平安。	2.0	0.9995805287205565
Keleian	很棒的题材，有实力的制作班底和演员，期待！！！	2.0	0.9995245124672654
严大侠	抖音上看到的，想看！演员阵容可以的，不过看看导演以前的电影，额……我想如果让林超贤导演会更好！	0.0	0.9994384910898326
纳兰风澈	神仙阵容啊！英国探险家乔治·马洛里，他曾在被问到为何想要攀登珠穆朗玛峰时颇有禅意的说：因为它，就在那！	4.0	0.9993095416101441
一夏经年	演员阵容很强，徐克保驾护航，预告差点意思，特效感觉五毛，希望正片能带来惊喜	2.0	0.9993060509918564
友人	强大阵容，优秀演员	1.0	0.9992241424436914
半生吃鱼	看这阵容，再看这阵容近年来的选剧本能力，保底7分的电影吧	2.0	0.9991648798961905
三十七度二	我能想象到电影一上映会有各种评价。但是我一如既往地支持吴京。虽然我不是他的粉，我只是喜欢看他的有质量的电影。	3.0	0.9991490060374408
erikcai	吴京章子怡胡歌 导演对各个观影群体的coverage很明确啊	1.0	0.9991207753417825
鲁人鲁话	要么不拍，要拍就拍好。那个时代有很多激动人心的伟大成就，需要优秀的影视剧把它们表现出来。至于张艺谋之流那些哭哭啼啼卖惨的片子 ，反正我已经看恶心了，谁爱看谁看。	5.0	0.9989843076538871
黄岛	看着李导演拍过的片，心里不由得犯嘀咕，乐观点说，人是在发展变化的，再给你一次机会，哈哈，话说我有剧本不知道谁能拍	2.0	0.9988703113817186
浮尘	真实历史改编，非常期待，希望有出色的成绩。	0.0	0.9988647336228509
爱思考的美少女	演员阵容太无敌，只是这个导演嘛……	5.0	0.9988543534056988
哦都开。。	说句实话流浪地球我看的睡着了，战狼2我觉得还是湄公河行动好看，对于吴京电影我也不是很期待	164.0	0.998842949403054
求睡！只求被睡	首先要有人科普一下，为什么要攀登，好吧！突如其来的题材，挂上爱国的口号，真的有点别扭，	0.0	0.9988104011848752
求睡！只求被睡	首先要有人科普一下，为什么要攀登，好吧！突如其来的题材，挂上爱国的口号，真的有点别扭，	0.0	0.9988104011848752
俗人	这导演的片我看过几个、很中二…但是演员阵容不赖…	2.0	0.9987868688530381
僚机	在大学登山队打酱油的时候没少嗑攀登珠峰的故事，希望能把国家登山队7+2和轮14座的故事慢慢都拍出来。	1.0	0.998769607658215
墨梁	阿来比演员更有吸引力啊，尘埃落定很奇妙的故事。	6.0	0.9987132913503508
路过熊猫	编剧、演员、故事题材都没问题，完全是冲着精品去的，但是李仁港大导演实在是最大的不确定因素啊，毕竟到目前为止还没有拍出一部真正拿的出手的作品。	1.0	0.9986547758425622
fxiaom	以人类羸弱肉躯挑战大自然，本身就是一间值得尊重的事	0.0	0.9986241671222106
各种迷糊	爱国、敬业、自我牺牲精神，很震撼。	0.0	0.9986188864764941
嬉皮笑脸	英雄的故事，非常喜欢，就是不放心导演啊。	1.0	0.9985583941001328
想睡回笼觉	虽然导演目前看来emmm…但是流浪地球之前，我们不也是看着这位同样拍出过《同桌的你》导演唉声叹气么？	3.0	0.9985266595707509
世间	国家重点项目，小小期待一下，阵容够强大。	3.0	0.9984648640279923
溺水的鱼	吴京出品，必属精品。相信吴京的眼光！	4.0	0.9983764937555296
夏小屿	很期待这部片子，本来的故事就很好，只是担心导演能否驾驭这个题材。希望是今年最后一个季度的大爆片。	1.0	0.9983374539550166
呜呜	据我估计最低三十亿票房！近几年我发现中国电影不追求流量而追求质量了，很棒加油	4.0	0.9981127896426001
晖	全新的题材，希望导演不要辜负这么好的档期和这么强大的阵容	2.0	0.9981003155329494
Lobgran	章子怡今天开拍的戏。这个阵容。。。除了导演都很强，编剧还是阿来	7.0	0.9980371883552591
瑟僴	预告片依旧是与流浪地球类似的网游特效，希望剧情也别一样地用些不必要的“中国特色”画蛇添足	2.0	0.9979284293765681
拒绝尬演	啊啊啊啊啊啊啊啊，预告片我胡的声音好有磁性，爱了	2.0	0.9979211989169448
细九	吴京，中国主旋律电影之王	9.0	0.9975480427304652
直木	不管怎么样都很期待，希望国内也能拍出好看的登山电影。。。一定支持	3.0	0.9974289106826525
Xiiiing	主旋律电影有吴京，就有了票房保障	0.0	0.997371986097732
巍巍一笑很倾城	本来8844.43对我而言只是冰冷的知识点而已，看了电影背后的历史故事，好想哭??????	0.0	0.9973479902423737
天井上	不知道这么多演员奶的动导演吗	22.0	0.9970340916290739
子天	看了一下导演之前的作品，平均分6.5左右，而且之前圈钱十亿的大烂片《盗墓笔记》也是他拍的。		0.9970116760888661
善待傻瓜好吗	许愿大爆，许愿好看 成龙接剧本不敢评价，子怡和吴京大概还是有水准的吧（……	2.0	0.996284308846644
留白	演员阵容井柏然格格不入...	3.0	0.9961788813617902
魔仙堡保安队长	根据我国真实事件改编，带上爸妈一起去看	0.0	0.9960773602903238
lalala	本来以为是讲攀登啥的，结果是讲爱国。虽然爱国也挺好的，但和我想象的不一样...	1.0	0.9959447322166721
婙	推广曲《如虹》真的好好听啊，可以感受到一点这个电影呢基调。期待。	2.0	0.9955820504885614
ThanksGIF	看点映反馈好像很不错的亚子，吴京要封神了么	3.0	0.9954702548637395
U型锁再立功	本片背后如果没有North Face无私赞助 我表示这个牌子可以去死了 哈哈哈	6.0	0.9953534045896439
冰阔落	很期待，之前在看纪录片（好像是，不确定有点像是访谈）的时候就被震撼到了。当时还拿着毛主席的雕像放在珠峰顶。	6.0	0.9952558713895441
望鹿的时间	李仁港……这导演……拍的电影里都有中二感，跟成龙合作过，不会是成龙推荐的吧……真是令人心中无底	4.0	0.9952498646333461
蒋校长大战太祖	阿来作为编剧我感觉剧本会很靠谱，毕竟也是真人真事改编的，不过这个导演以前的作品，总让我感觉不太放心啊。	3.0	0.9952061964020408
千亦	题材喜欢，演员喜欢，期待	0.0	0.9950270494921356
ACE	题材好、演员好、卖相好，但是导演李仁港真的让人惴惴不安，被他带跑偏的演员不是一批两批了，有待观望！！！	0.0	0.9947602740286001
邓一南37	1981女排纪录片 拼搏，给女排做报告的 沈洁。 攀登珠峰。	0.0	0.9946563395655998
污首阁下	不知道怎么样，李仁港近几年导演的电影，票房还行，但是口碑真的一般，但愿这部有改观吧。	9.0	0.9945782828951175
再见淡淡	张译张译，都是实力演员，镜头配音充满期待	1.0	0.9944644024748163
幽若/ty	这个阵容和故事很期待。这个导演看着好怕怕	664.0	0.994433147978492
轩宇	有章子怡瞬间就不想看了	2.0	0.9934134379067844
站在远处看世界	演员阵容认人期待，导演让人心慌，坐等打脸！	0.0	0.9929113913676896
腕骨	我就怕导演功力和剧本不行……拿出专业素养，不要白瞎了演员啊	1.0	0.9927385403066024
kkcatymb	我希望是我心目中的一部好片！阵容很强大，但是导演很后怕……	2.0	0.9924824075900477
直上青天	加油，这阵容很期待	2.0	0.992161086251815
Tirry	成龙和吴京在同一部电影中！		0.9919474972097937
hjh20050505	看导演，看编剧，看演员，这部影片必看。	1.0	0.9915651405923726
筋肉废宅	讲道理，预告片看着都尬出血了，不过主旋律的片子我是部部都看，部部都骂。不是我贱的慌，有一说一，为国家精神建设添砖加瓦是一回事，从个人情感方面出发去评价又是另一回事，先期待一下，希望不会再次失望	6.0	0.9913074661595285
木宁溪	来了，他们来了，他们顶着各自当年票房冠军的光环又来了...   国庆大作，还是期待一下??	2.0	0.9908985801509103
大瓢儿	这个演员阵容，必须期待	2.0	0.99080234137783
??	老胡状态不错，好奇会是怎么样呈现	3.0	0.9907815042500179
长乐无极	期待一下，希望不要成为赤裸裸的教育片噢，我还是喜欢润物细无声	0.0	0.9904831775269952
Komorebi	190216)我家女演员终于有新戏拍了…	7.0	0.9904106788817946
期君若虹	国庆档的几部电影都很错啊，一个一个慢慢看，还可以多刷，支持爱国	1.0	0.9901688216186872
浑河	被最近魔幻国产电影洗脑 心急 想看看阿京哥还能不能再给我洗洗眼 现在中国电影真的有用心在做的一个徐峥 一个吴京 别的我真的一言难尽	0.0	0.9899382649052686
已注销	这个演员阵容有点给力，就是导演有点不放心	5.0	0.9890018999830039
东方既白	演员让人放心，导演让人担心	3.0	0.9877738174766466
罗布泊泊	吴京，毫不夸张滴说，应该是华人影视圈第一个把天安门两边的标语通过电影语言讲明白的，而这部电影就是天安门城门楼子中间的头像		0.9875250482960404
朗月清风	sir：王炸阵容，他们联手要创造国产片新高度		0.986350112877467
??	冲着这个阵容也要去看。但是以导演这个历史作品的评分来看……何德何能诶	0.0	0.9847650010119994
??????	演员神仙阵容，导演看着吓人	4.0	0.9846432006029525
杨石泉	期待中...吴京再创辉煌！！	1.0	0.9845043500262488
滑稽面对一切	这部戏的导演不是吴京，所以在主旋律方面可能有不足！	3.0	0.9841941037679094
范迪塞尔	看导演以前作品还行吧，期待豆瓣伙伴们的试水评分	3.0	0.9836669569794977
芋圆布丁爱上墙	译外京喜cp＋章子怡 我他娘的太期待了	0.0	0.9831813305240463
蹦擦擦	演员和编剧都不错，导演什么玩意儿？非常期待被打脸。	39.0	0.9826791547503776
未央	目前来说，阵容还不错。	3.0	0.982646018387844
金枪小帅	国魂吴京先生又带着外挂来扫票房啦！	2.0	0.9824896484936594
[已注销]	带着五星红旗和伟人半身像成功登顶	5.0	0.9823554846910001
天然呆的七月	天安门三部曲！期待～	14.0	0.9821564723455339
CLF起得一手好名	想看是想看 但看到导演我的心已经凉了半截 拜托 导演上一部7分以上的电影都是20年前的事了 这么重要的片子认真一点做好吗？	4.0	0.9820260785134696
tot	这位导演也算是导演界的资源咖了吧，没有代表作，票房评分都不出色，但是每次拍戏都一堆大咖助阵	1.0	0.9812505443525287
蒲浦	全实力派阵容，无流量明星，导演还行（持怀疑态度），编剧阿来不必多说。是一部值得期待的电影，必看预订。	1.0	0.9811335683346076
周期性神经质	当年语文书上登珠峰的故事，茅奖得主阿来编剧……我就先标为敬了。	7.0	0.9807851511674334
已注销	看了预告？还是先导片？好震撼好想哭	8.0	0.9796584413337558
ふじわら ちか	导演的上一部是《盗墓笔记》…这一部估计6字头吧	2.0	0.9794541008315979
糖晓鹏灬	没有鹿晗吴亦凡杨颖黄晓明 爽	6.0	0.9785836944292986
Wait	好期待好期待好期待！	2.0	0.9780206217424449
虎皮青猫下水道	挺不错的题材，拍摄手法也很熟练，没有太多瑕疵。	0.0	0.9774735341770824
哲賦涵析（手襲	“几亿人民只能想着吃饭这点问题，我们这个民族又能有什么希望呢？！”预告片把人看哭了，哭完精神抖擞的电影不多了！	0.0	0.9757890310874258
Ren.	期待，等电影上映我一定要在影院喊一声“毛主席万岁！”	3.0	0.9757768191634638
Viye.	希望能看到的是艺术创作	2.0	0.9754081977265845
亚露	这个电影是点菜方式点演员嘛。。。。	1.0	0.9753910636695162
闸北陆小哄	章子怡真是女神	1.0	0.9749410480753965
lalaever	这个导演豆瓣几乎没有一部破6的电影 居然还能孜孜不倦地拍下去 可惜这阵容了真是666666	3.0	0.9744468339377913
萌萌哒的小鸭鸭	想看看章子怡	1.0	0.9728596164771576
特立独行的猪	呵呵 怎么也得破30亿 票房不够 单位学校包场支持	3.0	0.9715873903418195
长铗归	这阵容，票房稳了	1.0	0.968871323098732
乌龙的emma	妈呀 吴京和章子怡和张译  这三个人加起来就是想看	2.0	0.9683411545635456
夕兰	超级想看这类有精神内涵的写实电影	0.0	0.968109917482799
火鸟szs	中国应该算是很少拍这种类型的电影，期待啊	1.0	0.9663444287794405
wangzhen1116	不知该不该赞，就怕上映后蜂拥而至去攀登珠峰或者去大本营的粉丝们，你们可以想一下那么画面……	1.0	0.9661357496752674
坠露轻尘	心往一处想，劲往一处使，就能实现我们的梦想。	2.0	0.9661323189401514
夜曦如梦	吴京主演，必属精品	3.0	0.9660501402362401
梦幻恒王	哇，集合了所有人的口味，也集合了所有喜爱的演员，太强了。	3.0	0.9651019622664795
宁夏	有章子怡必扑街	1.0	0.9627115287345221
第五位面壁者	向中国的登山运动员致敬????????	3.0	0.9622739182038916
多读书多看报	吴京和张译感觉能碰撞出火花 期待	3.0	0.9616935572683544
基努	成龙的龙牌之谜，让我对这部电影产生了怀疑	6.0	0.9599031993400804
彬彬少年	我的天，这个阵容真是神仙阵容啊。	6.0	0.9584431926541066
JayWong	这阵容，除了导演，其他都满意	5.0	0.9566499433046439
珍贵的尧尧	就冲着胡歌，吴京，章子怡。我也一定去看。	3.0	0.9551966554889169
w_h_o萝北	惊险刺激动人	0.0	0.9544890024596469
YellowBig	刚微信认识了里面的一个演员??	2.0	0.954351211202975
L.John	加油，希望是好片	14.0	0.95411749647484
Creepy	喜欢这个阵容，可以去现场看偶像吗？	0.0	0.9535420046507206
Creepy	喜欢这个阵容，可以去现场看偶像吗？	0.0	0.9535420046507206
胡汉三又回来了	让我看看小京灵的下一步电影是什么样	3.0	0.9521271460141756
wokou5	这两年电影市场势头很好，至少那种大烂片是没多少人愿意浪费时间看了，若是好片必定全家支持	5.0	0.9515812006818783
姑射山草木	期待，加油!	1.0	0.9498621619876211
flanders	我要看半身像和揍藏独	3.0	0.9487857143632507
等边三角形二世	看到整容满心期待，可是为什么是个烂片王导演???????????	2.0	0.9481074576844767
Flimdown	开心 鸟最好了	2.0	0.9477673995458771
期待中的小屁屁	记住那段伟大的历史	4.0	0.9461470724441701
月追彩云	吴京代表高质量，成龙代表垃圾片，我很忐忑最后出来的是啥。。。。	4.0	0.9448061884954569
A～A	冲！中华民族	1.0	0.9444444444444444
自然天下雄	中华民族	1.0	0.9444444444444444
乌有卿	最喜欢的演员全都到这儿来了	3.0	0.9437524709073264
鱼带盐	烂王之王李老师……算啦。不去看啦…	1.0	0.9434848099346993
echo	这些人的演技还是很期待的	0.0	0.9416176037607631
殇?璃	导演是李仁港，电影的质量没有保障啊。。。	4.0	0.9413532094025244
Love紫	阵容强大	1.0	0.9403934528411116
喵喵的喵	预告很不错呀	3.0	0.9395632905984798
simple(简约主义	不会让人失望的一部正能量爱国电影	2.0	0.9387702066032435
清语	上映之后一定去贡献票房	1.0	0.9383850701073428
张十二三四五	吴京的电影就特别期待！！	1.0	0.9376522660160209
蔚珏。	正能量电影?	0.0	0.9371657725815614
梦幻哥哥	我京哥的电影必看	0.0	0.9367051494844357
灵犀	章子怡	0.0	0.9350851483655283
小聪明	章子怡	1.0	0.9350851483655283
塞北鸿鹄	章子怡	2.0	0.9350851483655283
沈炼	章子怡	2.0	0.9350851483655283
[已注销]	这个阵容全喜欢。真虎。	5.0	0.934260493452483
一世求	非常期待这部电影啊		0.9337445825099064
我有姿势我自豪	京宇宙!	0.0	0.9336305925719715
silver key	非常期待，不过希望导演发挥的好一点，不要有飞碟帽了。。	5.0	0.9334057628808164
刚刚走过	好电影，期待	2.0	0.9329527214748765
染衣y	阵容强大，很大期望	0.0	0.9327357127198088
流泪阿猫	世界人民大团结万岁	3.0	0.9313469416166179
麦田的守望者	歌唱我们伟大的祖国	2.0	0.931055858172417
書衣偵探華斯比	国庆节，吴京又来了！	24.0	0.9304294721092844
与你相约。	期待，大国崛起之攀登	3.0	0.9302416444759174
究竟彼岸	这个强大的阵容，只要不拍成烂片，必须值得买票观看	0.0	0.9285683516685078
埃瑞克(Eric)	这么强大的阵容怕还是救不了这个导演吧！	3.0	0.9259592939611339
pdidg	神吧三部曲完结篇，一定要看哟	0.0	0.9256237495635481
蚊子与粥	额，看了下这个导演瞬间想退票，不过还是感觉会去啊	0.0	0.924804132743025
开小心	登顶珠峰，我译哥，主旋律我也追了	1.0	0.9246637643818169
哈哈镜	我也想在荧幕上看看祖国的大好河山	0.0	0.9244736845463648
??	感觉这个导演可能是这部片里最大的变数。。。	777.0	0.9241643008321904
可可	还挺期待这部的	0.0	0.9222542859478559
奶酪陷阱	看了预告，挺感兴趣	0.0	0.9200823067783516
光影炸裂??	早就说好了要陪你一起看胡歌的两部新电影的??	4.0	0.9187230865839052
??Faye	哇，两个撞上了	1.0	0.917300542498002
卖糕的	很期待，这个配置票房不会差。更期待下一部蛟龙号开拍。	0.0	0.9160573206161391
靳爽	这部应该不错	12.0	0.9151355075385312
4.1	是中国版《极盗者》？还是《攀登梅鲁峰 》？让我们拭目以待。	3.0	0.9142490144088052
右手握着白莲花	我觉得这片可以缩减一下加入《我和我的祖国》中去	0.0	0.9139302864635503
老G	我要和你林叔叔一起看首映！	2.0	0.9122346196438569
一剑凌云	早就非常期待这部作品了，更想见胡歌，吴京	0.0	0.9114983736342805
txchun	期待吴京打败吴京	1.0	0.9114305924328917
Domini	??????看了下导演的作品有点担心……	234.0	0.9112356624101874
粮草先行	吴京的电影我大概率会去看一哈~	3.0	0.9103221709006519
hama2333	这个演员阵容简直闻所未闻，但我看了看导演的生平电影评分，突然一股难以言表的担心涌上心头.......	807.0	0.9102449989952113
落兮	这个阵容真是！！！惊叹！	12.0	0.9100506944722834
九和	好久不见子怡作品啊	5.0	0.9094601710736451
宇主子	吴京，成龙！	2.0	0.9093416785721853
冥王星来客1993	喜欢。正能量。	6.0	0.9045890656885334
嘉煒_Kavi	这演员阵容实在太豪华了	3.0	0.9005650579539951
律	就冲着故事背景，决定一定要去看下	0.0	0.9005283802998241
avernus	年度期待，但是看了下导演电影的平均分，有点点慌	3.0	0.8980664677213915
Scarlett	我爱阿中 先支持一下	3.0	0.8978604502156529
ourmfzh	在主力队员登顶之前，为保证他们不致体力过早消耗，登山队先组织了先遣队，建立起大本营及位于5400米、5900米和6400米的三个高山营地，队员们把几千公斤的高山装备、食品和燃料等先行运到这些营地。到了4月25日，登山队又在7007米和8500米建立四号营地和突击营地。	13.0	0.8958592850061793
精神分裂症患者	当年毛主席他老人家亲自接见了珠峰的攀登者	105.0	0.892656436674386
Echo不着急	十一最期待的片子哦	1.0	0.8886977641905589
神奇青卿	我就是喜欢吴京啊	0.0	0.8861227459314696
铁人.千万遍	坐等胡歌再一次升华~~加油！！	7.0	0.8838297092825893
青辰	期待吴京	0.0	0.8810370484049052
摸鱼儿	没有比脚更长的路，没有比人更高的山	1.0	0.8803511491984009
望城	国庆可以带家长去看的电影	0.0	0.8780743949870274
nkxy	群星璀璨，期待。	80.0	0.8777738431793559
风情小海龙	看着这个导演有点担忧啊	1.0	0.8738494459937428
菠萝沙冰！	这个阵容没有不期待的理由，但是李仁港导演近几年作品确实是不咋地。	1.0	0.8721376565201389
小米=qdmimi	虽然感觉就是压上一百个小目标也救不了李导，但这个阵容还是把人好吓	116.0	0.8720941928003243
哈哈哈啊啊啊	感觉不错	0.0	0.8714921964719127
我是你爸爸	吴京这部要是再爆，就票房封神了。	0.0	0.8702014573935335
水果拼盘	听说不错，放假了去看看	0.0	0.8672768672001295
水果拼盘	听说不错，放假了去看看	0.0	0.8672768672001295
Mr. Tang	这是老胡今年的第二部大银幕作品啦！	8.0	0.8667436876714646
已注销	攀登者预告片好像波司登的广告 吴京的片子看本子都很喜欢 看预告分分钟劝退[微笑]	1.0	0.8580868558274625
小菊花大淑女	吴京放过我	1.0	0.855948838728563
击灭	导演是不稳定因素啊～	1.0	0.8541088142000401
大大雨	对电影没兴趣！《绝命海拔》更是我喜欢的类型。对主旋律题材不太感冒。最重要的是很想看张译的演技	0.0	0.8519288527026422
秦时明月	这卡司可太豪华了。	1.0	0.8515606805919462
艾迪逊	胡歌电影处女座	1.0	0.850486431732396
幻海沉沙	还是挺期待的	0.0	0.8487548724354752
甜甜圈	有吴京 想带全家去看	1.0	0.8481917445134826
花裤衩君	记录一下吧，我是第2000个想看的，也是有意义了	2.0	0.8466663298917203
天牛	唯一让我不放心的也就是导演了……	3.0	0.8461963040076064
IDA_07	呃呃呃呃呃…九月片单突然好充实…看！??！	1.0	0.8427949273821466
鲜肉兄	人生也是一座山，我一定要爬到顶峰！	0.0	0.8424515091732908
王北平	井柏然……有点不放心啊……	4.0	0.838744524028928
此人不存在	就冲这阵容也得去电影院支持一下	1.0	0.8378078278453335
UshiTora	奶就完事了	2.0	0.8344830786324263
隋边瞅	哈哈哈哈，我的妈呀。。。	2.0	0.8340215007745461
白芷	没有审查估计是部好电影！	0.0	0.8324824062696309
被惯坏的孩子	导演给点力啊	0.0	0.8321884302085717
小熠	看了一眼这个导演以前拍的东西，emmm，替吴京捏把汗	1.0	0.8277619557219257
小强	为吴京而看	4.0	0.8264593097274917
凛可爱	把导演名字改成吴京吧！票房能增值50亿	3.0	0.8257139388528526
七叶子SAMA、??	因为张译吴京所以想看	3.0	0.8216932059622958
轻如纸张	正常水准拍出来就可以了，期待成为一部好片！	4.0	0.8173236973673178
小城	期待期待	1.0	0.8154057675674108
摸仙娃子	用吴京打败吴京？！冲着吴京我也要去康！	0.0	0.8121155886247667
yanzidu	单单吴京那一跳估计就能迎来过亿人观看	2.0	0.810863605759983
IVAN	国家重点项目	2.0	0.808270693310372
saga7	这，这是珠峰飞碟帽队？	0.0	0.8020859269935722
Sourire	期待杨光	3.0	0.8019703532903819
无言独上西楼	吴京一次又一次的证明他不只是战狼！	8.0	0.8001701678077521
溪边咸水	一部全员担心导演的片子	3.0	0.7972666928304475
董冬.	好奇一下	1.0	0.7941176470588235
看岁月怎么漫长	这阵容 我太期待了	2.0	0.7900858397071192
塞北孤天寂	吴京	1.0	0.7878540631067912
李力	吴京	2.0	0.7878540631067912
Itdovers	买好票了 期待期待	0.0	0.7875567447141967
隙中驹	70周年上映，加上最近被港毒激发的爱国情绪，电影质量不差的话，我觉得票房要爆	3.0	0.7860548987904068
、坏小孩、	看着这个导演  感觉片子要凉一半	3.0	0.7852050803117833
蓝开	希望剧情可以连贯，期待	1.0	0.7811024235325974
少女小茉	这部电影大咖云集，想看看会擦出什么样的火花	1.0	0.7810654329474145
蒙太奇	大喊一声雪花勇闯天涯	14.0	0.780511583451256
魔法使之夜	演员问题不大，但李仁港大导演实在是emmmm，我倒是很想知道李导在这种题材下如何再乱入飞碟帽	291.0	0.7805025470895947
花菜是人间绝色	导演让我有点不安	2.0	0.7803365903824299
黄石南	今年70周年献礼片里面想看的三部之一	0.0	0.7777096512625624
建瓴	希望能看到半身像。	3.0	0.776692816013394
静静等待	有胡歌 听说都拍很辛苦	4.0	0.7756760899267847
昨之回忆	这个也有些期待～	1.0	0.775405624588942
北漂酱	前期宣传铺垫这么多。一看导演的前作，估计又要黄	0.0	0.7745482024001079
CHn	京哥一定要保重身体啊。	38.0	0.7744765215164656
CHn2号	京哥一定要保重身体。	19.0	0.7744765215164656
瓦力	看冷锋攀登冷峰！	1.0	0.7704619594486296
CHENYI	国内顶配明星 希望不要煮成一锅粥	0.0	0.7696387900635144
曾	阵容太好了吧	3.0	0.7640615771390404
董谋谋	也就献礼片能搞出这种卡司阵容	4.0	0.7547996611924207
bubudeer	超感兴趣	0.0	0.7500611496412251
ASKA斑	攀登	1.0	0.7499999999999999
反观《攀登者》，国内一线演员卡司、主角吴京自带30亿票房流量，就是《攀登者》自己想输给《我和我的祖国》都很难，起码你得先让观众答应吧？《攀登者》预估国庆档票房冠军，票房40+亿，坐等打脸。	32		0.7499999999999999
K。	必看	1.0	0.7495094991250878
侠之大者	我想知道有没有毛主席和周总理的戏份。哈哈	7.0	0.747499148374666
喝豆浆的长颈鹿	吴京胡歌都很期待阿～～	3.0	0.7453339749776497
Mr Bond	要 素 察 觉         要 素 过 多	6.0	0.7419872489272775
吃瓜侠	喜欢吴京胡歌	2.0	0.7389401489195542
庸人自扰	火钳刘明	2.0	0.7376669139551424
太清	最大的问题是导演，飞碟帽	2.0	0.7374874919262638
davetong	画像+2分，题材+2分，吴京-1分。看完再改	12.0	0.7363704041920742
Ting.E=mc2	应该不错，就怕导演不行	2.0	0.731057155371987
枫猫	登珠峰	1.0	0.7270285389488303
渺小	有胡歌诶  这演员阵容逆天了	8.0	0.7263605788799795
Btooth	李仁港这几年就没拍过好看的电影	2.0	0.7211373837148854
四等公民	9.30，期待半身像，毕竟第二天就是10.1啊	5.0	0.7121550308359244
暮云溢清寒	徐老怪？？？七剑上天山。	0.0	0.709544352585265
RUthe0ne	期待，冲老胡也要去看	14.0	0.7081836141355843
慕容嘉	希望导演不要搞砸了呀，想起之前李仁港导演的历史片就很心累	1.0	0.7061514390902441
已注销	本吴京粉丝表示，编剧阿来非常ok，李仁港我觉得不可以。。。	3.0	0.7060957007324588
嫣然一笑百花迟	期待好久了 等你呀	2.0	0.7030990855736257
我要养一条大狗	这个导演2000年以后就再没有超过7分的电影	3.0	0.6953826122846655
欧志	可以叫吴京中国京了……	0.0	0.690526866319533
snowsun	目测好看	4.0	0.6892074482293215
笑芳年	期待！	1.0	0.6889632107023416
笑芳年	期待！	1.0	0.6889632107023416
白诗古语	期待	2.0	0.6889632107023416
白菜帮子	期待！	3.0	0.6889632107023416
Pig.	期待	3.0	0.6889632107023416
小草	期待一下	0.0	0.6889632107023416
沉潮	期待	1.0	0.6889632107023416
Masen	期待	2.0	0.6889632107023416
霜蟾	期待	1.0	0.6889632107023416
南国椰风	期待！	3.0	0.6889632107023416
了无歌	胡歌+张译+吴京，这阵容没谁了	7.0	0.6835099779806139
[已注销]	期待至极，没有太祖我就只给三星。	3.0	0.6819434026579869
萝莉御姐控	特别想看，	1.0	0.679837395333372
佳片预定人	李仁港…不管了，冲着吴京也要去看	213.0	0.6770221391445943
Cecilia	珠穆朗玛峰啊，牛逼了	0.0	0.6695688322456746
Mr.季	期待张译!	3.0	0.6660223402282218
流浪恶犬	有张译，期待一下	1.0	0.6660223402282218
萑苇	期待上映！	2.0	0.6660223402282218
小狮子	不管谁演的，只要好看就去看。	2.0	0.665309896011877
CJ	如果是徐克导演，必将国庆档头魁！	1.0	0.6576723708044702
又是社畜的一天	Jbr是什么鬼…有他总感觉不会是什么好片…	3.0	0.6475640825375032
MAO	期待毛像	10.0	0.6463966987083299
璀璨	我就想看，我就要看	5.0	0.6457300559194112
lucking star	胡歌吴京章子怡演的必看	2.0	0.642918387260728
今夕何夕	传令兵，三米之内	2.0	0.6385933845841396
已注销	井柏然一番？	2.0	0.6371775518569169
凝眉	导演水平一般般啊，虽然偶有几部还可以，但是烂片也多。持观望态度吧，希望能拍好，毕竟这么多大腕实力派，还有阿来这位很强的编剧…	8.0	0.636938761400241
一根好香蕉??	只担心导演...	2.0	0.6345707893423759
York丶Cheng	剧情	2.0	0.6315789473684209
雨水一盒	译哥！	10.0	0.6279847638171994
真好	超级期待	2.0	0.6165025491689686
小木	超级期待	1.0	0.6165025491689686
进击的彼得	超级期待，没有之一	4.0	0.6165025491689686
玫瑰佐罗	超级期待	0.0	0.6165025491689686
poppydoozzz	妈耶编剧有我喜欢的作家阿来...	1.0	0.6053224898268706
肥达	想看	2.0	0.6048889791916946
乔梓	题材          ??		0.603738193770527
祖灵鸟之啼	李仁港还行	2.0	0.6015718362397688
Stephen Jonh	据说还有胡歌，但是李仁港导演拍的，真是隐隐担忧，看他过往的作品没几部高分的	4.0	0.6002053870423442
CrisQ	阿来。。期待下	0.0	0.5996805738608489
是悲哀啊	必须看	0.0	0.5875212430201505
bAfter	要看！	0.0	0.5875212430201505
??	对这个导演真的没有信心！！！！！！！！！！！！！！	2.0	0.5862119439764273
江江的	吴京就是理由	0.0	0.5856161874062747
qjbfs	冲着这个陈容也会去看的	2.0	0.5763375541439324
半夏花开	吴京和胡歌	4.0	0.5746310704183709
As  before	胡歌  吴京	0.0	0.5746310704183692
言午夢	期待呦，希望票房大卖，等着国庆去看嘿嘿	4.0	0.5690265045424454
Egorka	zzy证明自己不是票房毒药的时候到了！	1.0	0.5685151371280063
刘宸	赶快上影一定到电影院去看	2.0	0.5680639472526584
二力杆儿	说实话我更期待电视剧，但是支持老胡。	5.0	0.5677912159391133
2112	红星红旗和毛主席半身像，一个都不能少	42.0	0.5673231837404625
海蛟啊	毛主席像	4.0	0.5646230618921684
大禹是我祖先	为了张译，也要去电影院支持	4.0	0.5635820413994976
几何	有张译的就想看????	1.0	0.5537472880815143
槛外人	很慌，，，	3.0	0.5511027775811325
7 letter	国庆和爸妈看的电影之一	0.0	0.5458115546062164
??+	是我几个月前看预告就想看的片子了！！！	3.0	0.5396015003146473
老马哪里会识途	导演让我有点害怕	0.0	0.537595782745895
德莱子	我以为这会是一场势均力敌的战斗 可惜导演居然是李仁港！	3.0	0.5359771797061353
Easzariah_SH	不知道为什么已迷上门口那吴师傅	2.0	0.5329662605719244
perper	这个ok	2.0	0.5262327818078083
axeoj	嗯？	2.0	0.5262327818078083
我就是一个杠精	来吧	2.0	0.5262327818078083
余情未了	。	2.0	0.5262327818078083
瞎猫	飞过去那个镜头……是沈石溪的斑羚嘛？	2.0	0.5242140103446141
爱与死都冷	演职员表给我看呆了。点开导演的条目我傻了。	1.0	0.5239546890285839
虐心无敌	有胡歌，必看	3.0	0.5211700595335416
少年龙侠	超级期待吴京和成龙大哥的合作	360.0	0.5168373041523573
西西弗斯	那么多导演不能请。你请李仁港来拍电影？我也是服气。	1.0	0.5165943665901014
yu.1990	占个座，阿来的编剧 超期待	4.0	0.5090284990885415
木奇。	李仁港搞这个片子很人纠结……	3.0	0.5081708896275925
刁民丶	全是实力派	4.0	0.5024484200696925
剧照          ??			0.5
karrymeyrrak	9.30~	2.0	0.5
不太看好片子质量，看导演这个年纪，即使超常发挥，最多也就达到一般水准。虽然吴京、胡歌、章子怡这样的演员阵容很强大，预测票房20亿封顶。			0.5
质感          ??			0.5
糖心	i55	0.0	0.5
紀念日	徐克	2.0	0.5
演员          ??			0.5
这是借势得一个好票房吗？			0.5
大伟	20190507	0.0	0.5
心急！	105		0.5
还是降低点期待值吧			0.5
147号废话星球	张译	3.0	0.5
山一程水一程	等着我??????	0.0	0.5
一个人的角落	jiu	2.0	0.5
优	有吴京，就买票	0.0	0.4999236512872046
??????????????	1.发现是阿来编剧，突然就想看了。 2.真实事件改编。3。徒手攀岩能得8.9分我不信这个会比它差（不过导演之前拍的盗墓笔记真的很难看啊……）	4.0	0.4850170704647866
Callenreese	老胡路人粉在此，安排！	3.0	0.484225727175684
豆荚都煮不熟	吴京诶，这就是看的理由，有个好牌子实在太可贵了	2.0	0.4808986182168724
Gaius	对李仁港的能力表示质疑。不过还是会去看一下。	1.0	0.47946085430421526
Lion King Charl	世上无难事，只要肯登攀。	0.0	0.47759061641984046
杨家栋	期待一下吧，国庆有事情做了	2.0	0.4764974806839086
共产主义接班人	我真的等不及了??	6.0	0.4763820282767016
CLEON	阵容爆了	3.0	0.4737672181921917
朕有点萌	给阿京打call！	1.0	0.4737672181921908
北海之泉	共和国万岁！	7.0	0.4737672181921908
南烛	作为胡歌的男粉	4.0	0.4737672181921908
拎壶冲	卡司迷人	2.0	0.4737672181921908
蘑菇君	配置简直不要太高，期待井柏然与前辈们的合作	476.0	0.467728139713252
随缘·落i	这样的阵容不看不行。	2.0	0.46332972129195116
随缘·落i	这样的阵容不看不行。	2.0	0.46332972129195116
穆红	为什么国外拍了一部徒手攀岩达9分，国内就立刻出了一部攀登者？		0.46165012199931665
大鼻子爷爷	我不管了，作为无脑的我，就要去帮衬。	0.0	0.46073148841656275
导导	导演编剧是李仁港……不太看好这部电影，近些年他拍的电影都很差。	7.0	0.45793252805306084
导导	导演编剧是李仁港……不太看好这部电影，近些年他拍的电影都很差。	7.0	0.45793252805306084
逗你玩	这阵容简直了	13.0	0.4543598288514282
福雷斯特冈普	口碑必爆。	2.0	0.45278215933028554
追剧者	吴京和张译，我还有什么不去看的理由？	1.0	0.44950186246784196
呜7吗黑	其实我不想看	1.0	0.4467083482213624
听雨观枫	期待胡歌	73.0	0.4462113437608939
陌然	期待胡歌	3.0	0.4462113437608939
晨曦	看到导演我很心慌啊，又见飞碟帽？	3.0	0.44289513680703396
唐小雨	国际张是个什么鬼	3.0	0.44199986493353616
驹隙	冲着阿来标记一下	2.0	0.42865296929928376
雒侑琳	有吴京感觉又能爆。。	2.0	0.42840850947304776
一只淡定的橙子	不管评价怎样，都会贡献一张票	4.0	0.4271167101002582
胡图图	虽然不是很想看zl，但是反正小太爷演啥我看啥	2.0	0.41701756892638986
胡图图	虽然不是很想看zl，但是反正小太爷演啥我看啥	2.0	0.41701756892638986
yunhjt	提档到8月做消暑大作吧，不然只能消秋老虎了	3.0	0.4160038127904271
洛水三迁	国庆也就这部能看。	1.0	0.4130510994055989
坏蛋的棉花糖	必看！！！		0.41194724055169685
如果口碑崩坏，被其他两部主旋律反杀也说不定。	4		0.4109289617486338
他最适合拍的还是武侠剧	4		0.4109289617486338
鞭长莫及	这个导演拍的啊，你们先看先提意见。。。	0.0	0.4101935541335219
朱恒昌	导演看起来不行啊，作品大都不及格	132.0	0.4101275732573274
喜剧之王	看到“张译”就有想去看的冲动！！！	3.0	0.40546178408570466
忘其名	看到导演编剧是李仁港		0.405306653051858
说的对啊	我就不信还会有飞碟帽。	3.0	0.4023003871701324
@追风筝的人	今年又一爆款，不信等十一再见证！	2.0	0.3964903656113893
ENnono	这个导演……，有点害怕啊	10.0	0.39633103618760923
一直疯狂869	还没上就那么多黑的，那我肯定得支持一下啊。具体等看了再说。	0.0	0.39478182787347815
纪北	京妹也太软萌了。还是有点尬	0.0	0.3929071297448711
我爱银	主席像不能少	3.0	0.39170995309158196
反正我是要去影院的。	3		0.3901209677419354
豆友187505010	期待国庆	3.0	0.38640942405150835
暖阳	五星提前安排	2.0	0.38403919305998
小葱拌豆腐	非常想看！！	1.0	0.379728637788844
孟美味	为什么是李仁港？。。	1.0	0.37058947260895436
给你们看	不知道恐高会不会影响观看体验	0.0	0.37028348192342253
柳三石	珠峰，译哥，胡歌	2.0	0.35601247791084345
雷鬼音乐不死	我不说假话，我再怎么讨厌吴京，他的每部片子我都交钱。所以我先行为敬了！	6.0	0.3547491602953651
海淀动物园园长	编剧还是比较靠谱的	3.0	0.35382254744624664
时小米_Q	明天去看~	0.0	0.34968328950520355
luminary clock	周六点映，满怀好奇：李仁港先生和吴京先生能有点长进吗？	5.0	0.34967025164738164
萌酱爱吃酱	可是导演是李仁港诶…	1.0	0.3493356070336544
水巷邻里	有胡歌一定看	3.0	0.3412925675122479
有了他的把关，《攀登者》的视效稳了。虽然目前的预告片给予的信息有限，但从预告片中雪崩的镜头、吴京最后飞身鱼跃跨越裂缝等几个镜头，已经冲击力十足，在大银幕上观看时，这种视觉冲击力肯定还会几何倍放大。	2		0.3305578684429642
导演………（点进看了下有点担心）	2		0.3305578684429642
？	1		0.32689832689832665
感动！！！	1		0.32689832689832665
原州刺史	不被人妒是庸才。		0.32193684157878666
不吃葱	改名叫「珠穆朗玛」吧。	9.0	0.30161780623007184
江南卖米郎	别的都好说，我也不管是不是献礼片，李仁港你确定你能接这个活儿？	6.0	0.2933233787266517
蜂唐罗隐	编剧是阿来⊙?⊙！	1.0	0.28839286613269877
??	胡歌	5.0	0.28776996118949394
yola	胡歌	3.0	0.28776996118949394
千山	胡歌	4.0	0.28776996118949394
Mr楪	胡歌！	4.0	0.28776996118949394
蜡树orsay	胡歌又来	5.0	0.28776996118949394
蚀心	胡歌	4.0	0.28776996118949394
摆渡人3747	标签提示？原来是献礼片吗？??	0.0	0.2789156226305086
当爱已成往事	国庆去看	0.0	0.27760957913532525
南方野马	中国有十个吴京，我保准以后再不看漫威了	7.0	0.27759026322725056
已注销	超级期待！！！	0.0	0.27344972561995684
已注销	超级期待！！！	0.0	0.27344972561995684
芯蕊喵~	胡歌！！！！！！！！！！！	2.0	0.2667319508802303
Aiden Chok	胡歌 ?	9.0	0.2667319508802303
TLS	找李仁港来拍是个败笔，看看他这几年的电影，槽点满满	2.0	0.2564974024632236
晓思丽英	成龙客串	2.0	0.24007897320949356
______CQ__	吴京 胡歌 张译 ，没有不看的理由	3.0	0.23838030134875754
赋奇朝	买票了	0.0	0.23017624810320148
瀚海君	28号的点映票已买好，相信吴京一定不会让我失望	0.0	0.22900056897281362
诚诚公子	为了至高无上的使命，冲锋！！！（啥时候上画？五星买爆！）	4.0	0.21581050866302598
Turnin'	希望不要太冗长	0.0	0.21477768125190488
宋微	这片肯定会爆。	0.0	0.20783979640087857
瓜皮	为啥要选烂片王李仁港啊，大半夜的好生气。天然的好剧本，加上一众靠谱演员，万众期待，如果这样的条件如果都拍不好，飞碟帽你可以谢罪了！！	2.0	0.2021526018041896
了茕	...顶配+软壳…预告片就浮夸的不行……	2.0	0.19937603778183566
小儿	不看好………希望会被打脸吧	2.0	0.17634732024477895
敏泓	影院看到宣传海报上有张译，期待。	3.0	0.16961544193965272
Ben	国庆三巨头	0.0	0.16689945362821623
skateky	卡司绝了，貌似有生以来系列。。。	4.0	0.1633840910880726
漫迹云	看了预告，感觉剧情有点单薄，估计这次要凉，可惜了豪华阵容。如果是第一次登顶更好拍吧，不过200人剩下7个太惨烈，估计广电不给过。。	0.0	0.15909602191585082
一只小怪兽呀	国庆大概是要住电影院了	3.0	0.15891144519598566
橱窗外的大怪兽	老胡	6.0	0.1568613806164656
绝命纸牌	虽然淘票票上这一部标记想看的人数最多，但从预告片的品质来看，这一部大概是国庆档三部里最弱的了……赶在预售期花13.6买了9月30号晚上的票，希望会有比票价更大的惊喜吧……	0.0	0.1561494068045841
查理N世	李港仁电影平均五分多，也就两星到三星，期望别太高	2.0	0.15149891946011296
撒得巴何猜想'	国庆见	0.0	0.15138275729373918
撒得巴何猜想'	国庆见	0.0	0.15138275729373918
苍穹的幻想	导演你有本事再整出个飞碟帽我给你五星	0.0	0.151234535772226
Sirius	卡司太强了	1.0	0.14066524169899908
张学文	五星预定，看演职人员群星荟萃，希望在国庆档上映	3.0	0.12513294221057392
吃瓜达达	要素过多	2.0	0.125
reader	我会说我买了0.99的两张票？	0.0	0.12190062012712832
Chloris	按史实拍就五星，含含糊糊或者少了什么就一星。	2.0	0.11314949987652934
lll	导演劝退	1.0	0.1039610775413442
Skips	李仁港可别把它搞砸了啊，多好的题材。	308.0	0.09903357776106647
yan??mm	李仁港？我想骂人。。。	0.0	0.09629477761362426
就爱海贼王	This moive is the mouthpiece of the government	2.0	0.09440545332796668
白雪火锅	看了一下9月30日的课表，早上毛概后正好有时间去看！张译我来了！太期待了！	5.0	0.09319183990307867
哈	看是肯定要看的，但之后能不能搞一个无wj的cut版	1.0	0.09025502502660776
龚大政。	趁还没有那么多人知道时来占个坑。	1.0	0.08370208159683701
贾里	看了预告片，极限海拔高度还有那么灵活的身手，你咋不上天呢？	7.0	0.07231871046729932
hwf254	李仁港的水平實在不太行	1.0	0.05840117854741844
北影厂彪哥	默认四星	3.0	0.05060937435077173
对你爱不完	预告差强人意。	2.0	0.04360478380292232
电影我没看过，但是以前看过登珠穆朗玛峰的真实纪录片。看过他们登山人遇到的风险和阻碍以及不易，那个才是实实切切感受到的。	0		0.034482758620689724
喜欢吴京，应该不会差吧	0		0.034482758620689724
拒绝观看！	0		0.034482758620689724
青杳	胡歌胡歌胡歌还是胡歌	4.0	0.023109185033330926
Andy	李，李，李仁港来拍？？？	181.0	0.02061195808688765
Jezy	估计最多7分，还得是戴眼镜评。导演似乎不给力，再加上期望值高，难保不翻车	4.0	0.01773480470564548
Druid	这导演都没两部上6分的电影..还有为啥姓井的能排第一个	3.0	0.01350034404936995
charliemo	导演居然是李仁港？我XX，千万别扑街！	3.0	0.013377138763415064
夭夜	已经买了上映当天的票，希望影片质量过关，拍的好的话我会二刷，要是片子垃圾那我会回来骂的。	0.0	0.009241362509753381
